{"took": 30, "timed_out": false, "_shards": {
  "total": 9,
  "successful": 9,
  "failed": 0
}, "hits": {
  "total": 219539,
  "max_score": 0.0,
  "hits": []
}, "facets": {
  "stats": {
    "_type": "statistical",
    "count": 219539,
    "total": 3.0757988926959034E17,
    "min": 1.400614196E12,
    "max": 1.401293656E12,
    "mean": 1.401026192474186E12,
    "sum_of_squares": 4.309274930154266E29,
    "variance": 5.4069758776598832E16,
    "std_deviation": 2.3252904931771177E8
  }
}}